<?xml version="1.0" encoding="UTF-8" ?>
<!--
  ~ Code generated by CodeGen
  -->
<!DOCTYPE mapper PUBLIC "-//mybatis.org//DTD Mapper 3.0//EN" "http://mybatis.org/dtd/mybatis-3-mapper.dtd" >

<mapper namespace="PhoenixCoder">
    <resultMap id="PhoenixCoderMap" type="PhoenixCoder">
        <id column="id" property="id"/>
        <result column="name" property="name"/>
        <result column="mobile" property="mobile"/>
        <result column="type" property="type"/>
        <result column="created_at" property="createdAt"/>
        <result column="updated_at" property="updatedAt"/>
        
    </resultMap>

    <sql id="tb">
        phoenix_coders
    </sql>

    <sql id="cols_all">
        id, <include refid="cols_exclude_id" />
    </sql>

    <sql id="cols_exclude_id">
        name, 
        mobile, 
        type, 
        created_at, 
        updated_at
        
    </sql>

    <sql id="vals">
        #{name}, 
        #{mobile}, 
        #{type}, 
        now(), 
        now()
        
    </sql>

    <sql id="criteria">
        <if test="id != null">AND id = #{id}</if>
        <if test="name != null">AND name = #{name}</if>
        <if test="mobile != null">AND mobile = #{mobile}</if>
        <if test="type != null">AND type = #{type}</if>
        
        
        
    </sql>

    <insert id="create" parameterType="PhoenixCoder" keyProperty="id" useGeneratedKeys="true">
        INSERT INTO <include refid="tb" />
        (<include refid="cols_exclude_id" />)
        VALUES
        (<include refid="vals" />)
    </insert>

    <insert id="creates" parameterType="list">
        INSERT INTO <include refid="tb" />
        (<include refid="cols_exclude_id" />)
        VALUES
        <foreach collection="list" separator="," item="item">
            (
            #{item.name}, 
            #{item.mobile}, 
            #{item.type}, 
            now(), 
            now()
            
            )
        </foreach>
    </insert>

    <select id="findById" parameterType="long" resultMap="PhoenixCoderMap" >
        SELECT <include refid="cols_all" /> FROM <include refid="tb" />
        WHERE id = #{id}
    </select>

    <select id="findByIds" parameterType="list" resultMap="PhoenixCoderMap" >
        SELECT <include refid="cols_all" /> FROM <include refid="tb" />
        WHERE id IN
        <foreach collection="list" open="(" separator="," close=")" item="id">
            #{id}
        </foreach>
    </select>

    <update id="update" parameterType="PhoenixCoder">
        UPDATE <include refid="tb"/>
        <set>
            <if test="name != null">name = #{name},</if>
            <if test="mobile != null">mobile = #{mobile},</if>
            <if test="type != null">type = #{type},</if>
            
            
            
            updated_at=now()
        </set>
        WHERE id = #{id}
    </update>

    <delete id="delete" parameterType="long">
        DELETE FROM <include refid="tb"/>
        WHERE id = #{id}
    </delete>

    <delete id="deletes" parameterType="list">
        DELETE FROM <include refid="tb"/>
        WHERE id IN
        <foreach collection="list" open="(" separator="," close=")" item="id">
            #{id}
        </foreach>
    </delete>

    <select id="list" parameterType="map" resultMap="PhoenixCoderMap">
        SELECT <include refid="cols_all"/> FROM <include refid="tb"/>
        <where>
            <include refid="criteria"/>
        </where>
    </select>

    <select id="count" parameterType="map" resultType="long">
        SELECT count(1) FROM <include refid="tb"/>
        <where>
            <include refid="criteria"/>
        </where>
    </select>

    <select id="paging" parameterType="map" resultMap="PhoenixCoderMap">
        SELECT <include refid="cols_all"/> FROM <include refid="tb"/>
        <where>
            <include refid="criteria"/>
        </where>
        LIMIT #{offset}, #{limit}
    </select>

</mapper>